Region,Category,counts
 Arjeplog,Snowmobiles,11
 Arjeplog,Car parts & car accessories,7
 Arjeplog,Cars,5
 Arjeplog,Caravans & campers,3
 Arjeplog,Construction & garden,3
 Arjeplog,Trucks & construction,3
 Arjeplog,Furniture & home decor,2
 Arjeplog,Music equipment,2
 Arjeplog,Snowmobile parts & accessories,2
 Arjeplog,Children's articles & toys,1
 Arjeplog,Forestry & agricultural machinery,1
 Arjeplog,Hunting & fishing,1
 Arjeplog,Motorcycle parts & accessories,1
 Arjeplog,Motorcycles,1
 Arjeplog,Other,1
 Arvidsjaur,Snowmobiles,29
 Arvidsjaur,Cars,23
 Arvidsjaur,Hunting & fishing,7
 Arvidsjaur,Snowmobile parts & accessories,7
 Arvidsjaur,Motorcycles,6
 Arvidsjaur,Sports & leisure equipment,6
 Arvidsjaur,Car parts & car accessories,5
 Arvidsjaur,Caravans & campers,4
 Arvidsjaur,Furniture & home decor,4
 Arvidsjaur,Forestry & agricultural machinery,3
 Arvidsjaur,Tools,3
 Arvidsjaur,Trucks & construction,3
 Arvidsjaur,Construction & garden,2
 Arvidsjaur,Housewares & appliances,2
 Arvidsjaur,Music equipment,2
 Arvidsjaur,Accessories & watches,1
 Arvidsjaur,Boats,1
 Arvidsjaur,Books & student literature,1
 Arvidsjaur,Children's articles & toys,1
 Arvidsjaur,Clothes & shoes,1
 Arvidsjaur,Computers & video games,1
 Arvidsjaur,Fixtures & machines,1
 Arvidsjaur,Hobby & collectibles,1
 Arvidsjaur,Horses & equestrian,1
 Arvidsjaur,Mopeds & doodlebug tractors,1
 Arvidsjaur,Other,1
 Arvidsjaur,Phones & accessories,1
 Blekinge,Furniture & home decor,568
 Blekinge,Cars,420
 Blekinge,Car parts & car accessories,351
 Blekinge,Construction & garden,279
 Blekinge,Children's articles & toys,181
 Blekinge,Boats,136
 Blekinge,Sports & leisure equipment,106
 Blekinge,Audio & video,96
 Blekinge,Housewares & appliances,88
 Blekinge,Clothes & shoes,85
 Blekinge,Computers & video games,77
 Blekinge,Motorcycles,77
 Blekinge,Bicycles,76
 Blekinge,Music equipment,72
 Blekinge,Boat parts & accessories,59
 Blekinge,Caravans & campers,54
 Blekinge,Children's clothing & shoes,52
 Blekinge,Mopeds & doodlebug tractors,52
 Blekinge,Tools,42
 Blekinge,Fixtures & machines,39
 Blekinge,Hobby & collectibles,37
 Blekinge,Horses & equestrian,35
 Blekinge,Phones & accessories,35
 Blekinge,Accessories & watches,34
 Blekinge,Motorcycle parts & accessories,32
 Blekinge,Forestry & agricultural machinery,31
 Blekinge,Books & student literature,30
 Blekinge,Hunting & fishing,29
 Blekinge,Other,26
 Blekinge,Trucks & construction,16
 Boden,Furniture & home decor,85
 Boden,Cars,76
 Boden,Car parts & car accessories,69
 Boden,Snowmobiles,57
 Boden,Construction & garden,49
 Boden,Children's articles & toys,22
 Boden,Clothes & shoes,22
 Boden,Sports & leisure equipment,20
 Boden,Housewares & appliances,18
 Boden,Tools,17
 Boden,Caravans & campers,16
 Boden,Children's clothing & shoes,16
 Boden,Motorcycles,16
 Boden,Mopeds & doodlebug tractors,14
 Boden,Forestry & agricultural machinery,13
 Boden,Computers & video games,12
 Boden,Trucks & construction,11
 Boden,Snowmobile parts & accessories,10
 Boden,Audio & video,9
 Boden,Hunting & fishing,8
 Boden,Books & student literature,7
 Boden,Horses & equestrian,7
 Boden,Bicycles,6
 Boden,Fixtures & machines,6
 Boden,Motorcycle parts & accessories,6
 Boden,Boats,5
 Boden,Music equipment,5
 Boden,Other,5
 Boden,Phones & accessories,4
 Boden,Hobby & collectibles,3
 Boden,Accessories & watches,1
 Boden,Boat parts & accessories,1
 Båstad,Furniture & home decor,87
 Båstad,Car parts & car accessories,45
 Båstad,Construction & garden,43
 Båstad,Cars,29
 Båstad,Children's articles & toys,20
 Båstad,Clothes & shoes,16
 Båstad,Audio & video,15
 Båstad,Housewares & appliances,15
 Båstad,Sports & leisure equipment,15
 Båstad,Forestry & agricultural machinery,11
 Båstad,Bicycles,8
 Båstad,Children's clothing & shoes,8
 Båstad,Fixtures & machines,8
 Båstad,Horses & equestrian,8
 Båstad,Boats,6
 Båstad,Music equipment,6
 Båstad,Tools,6
 Båstad,Boat parts & accessories,5
 Båstad,Mopeds & doodlebug tractors,5
 Båstad,Accessories & watches,4
 Båstad,Computers & video games,4
 Båstad,Books & student literature,3
 Båstad,Motorcycles,3
 Båstad,Other,3
 Båstad,Caravans & campers,2
 Båstad,Motorcycle parts & accessories,2
 Båstad,Hobby & collectibles,1
 Båstad,Hunting & fishing,1
 Båstad,Trucks & construction,1
 Dalarna,Furniture & home decor,999
 Dalarna,Cars,889
 Dalarna,Car parts & car accessories,856
 Dalarna,Construction & garden,474
 Dalarna,Sports & leisure equipment,268
 Dalarna,Children's articles & toys,254
 Dalarna,Clothes & shoes,197
 Dalarna,Motorcycles,185
 Dalarna,Audio & video,152
 Dalarna,Bicycles,146
 Dalarna,Snowmobiles,132
 Dalarna,Caravans & campers,126
 Dalarna,Housewares & appliances,126
 Dalarna,Music equipment,122
 Dalarna,Children's clothing & shoes,117
 Dalarna,Forestry & agricultural machinery,117
 Dalarna,Boats,115
 Dalarna,Computers & video games,115
 Dalarna,Mopeds & doodlebug tractors,112
 Dalarna,Tools,110
 Dalarna,Hobby & collectibles,101
 Dalarna,Books & student literature,97
 Dalarna,Horses & equestrian,92
 Dalarna,Fixtures & machines,74
 Dalarna,Hunting & fishing,71
 Dalarna,Trucks & construction,69
 Dalarna,Phones & accessories,58
 Dalarna,Boat parts & accessories,48
 Dalarna,Motorcycle parts & accessories,43
 Dalarna,Accessories & watches,41
 Dalarna,Snowmobile parts & accessories,30
 Dalarna,Other,22
 Eslöv,Furniture & home decor,156
 Eslöv,Car parts & car accessories,92
 Eslöv,Cars,74
 Eslöv,Construction & garden,65
 Eslöv,Children's articles & toys,52
 Eslöv,Clothes & shoes,30
 Eslöv,Housewares & appliances,24
 Eslöv,Children's clothing & shoes,23
 Eslöv,Computers & video games,22
 Eslöv,Tools,18
 Eslöv,Audio & video,17
 Eslöv,Sports & leisure equipment,16
 Eslöv,Fixtures & machines,15
 Eslöv,Horses & equestrian,15
 Eslöv,Music equipment,14
 Eslöv,Bicycles,13
 Eslöv,Caravans & campers,13
 Eslöv,Motorcycles,12
 Eslöv,Hobby & collectibles,11
 Eslöv,Mopeds & doodlebug tractors,10
 Eslöv,Motorcycle parts & accessories,8
 Eslöv,Forestry & agricultural machinery,7
 Eslöv,Hunting & fishing,7
 Eslöv,Phones & accessories,7
 Eslöv,Books & student literature,6
 Eslöv,Trucks & construction,6
 Eslöv,Accessories & watches,5
 Eslöv,Boat parts & accessories,3
 Eslöv,Boats,3
 Eslöv,Other,2
 Gotland,Furniture & home decor,172
 Gotland,Cars,118
 Gotland,Construction & garden,95
 Gotland,Car parts & car accessories,84
 Gotland,Children's articles & toys,37
 Gotland,Motorcycles,36
 Gotland,Clothes & shoes,35
 Gotland,Bicycles,31
 Gotland,Caravans & campers,30
 Gotland,Housewares & appliances,30
 Gotland,Forestry & agricultural machinery,28
 Gotland,Hobby & collectibles,25
 Gotland,Computers & video games,24
 Gotland,Tools,23
 Gotland,Fixtures & machines,22
 Gotland,Sports & leisure equipment,20
 Gotland,Horses & equestrian,18
 Gotland,Audio & video,17
 Gotland,Mopeds & doodlebug tractors,16
 Gotland,Motorcycle parts & accessories,14
 Gotland,Music equipment,14
 Gotland,Accessories & watches,11
 Gotland,Phones & accessories,10
 Gotland,Boats,9
 Gotland,Books & student literature,7
 Gotland,Trucks & construction,6
 Gotland,Other,5
 Gotland,Children's clothing & shoes,4
 Gotland,Hunting & fishing,3
 Gotland,Boat parts & accessories,2
 Gällivare,Snowmobiles,68
 Gällivare,Cars,55
 Gällivare,Car parts & car accessories,40
 Gällivare,Furniture & home decor,23
 Gällivare,Motorcycles,17
 Gällivare,Construction & garden,15
 Gällivare,Snowmobile parts & accessories,9
 Gällivare,Children's articles & toys,8
 Gällivare,Hunting & fishing,8
 Gällivare,Sports & leisure equipment,8
 Gällivare,Forestry & agricultural machinery,7
 Gällivare,Audio & video,6
 Gällivare,Bicycles,6
 Gällivare,Clothes & shoes,5
 Gällivare,Boats,4
 Gällivare,Caravans & campers,4
 Gällivare,Computers & video games,4
 Gällivare,Children's clothing & shoes,3
 Gällivare,Hobby & collectibles,3
 Gällivare,Housewares & appliances,3
 Gällivare,Mopeds & doodlebug tractors,3
 Gällivare,Other,3
 Gällivare,Books & student literature,2
 Gällivare,Music equipment,2
 Gällivare,Phones & accessories,2
 Gällivare,Trucks & construction,2
 Gällivare,Boat parts & accessories,1
 Gällivare,Fixtures & machines,1
 Gällivare,Horses & equestrian,1
 Gällivare,Motorcycle parts & accessories,1
 Gävleborg,Furniture & home decor,960
 Gävleborg,Cars,859
 Gävleborg,Car parts & car accessories,692
 Gävleborg,Construction & garden,412
 Gävleborg,Children's articles & toys,297
 Gävleborg,Sports & leisure equipment,231
 Gävleborg,Motorcycles,212
 Gävleborg,Clothes & shoes,197
 Gävleborg,Children's clothing & shoes,151
 Gävleborg,Bicycles,147
 Gävleborg,Snowmobiles,129
 Gävleborg,Boats,122
 Gävleborg,Audio & video,121
 Gävleborg,Computers & video games,119
 Gävleborg,Housewares & appliances,117
 Gävleborg,Caravans & campers,116
 Gävleborg,Mopeds & doodlebug tractors,112
 Gävleborg,Music equipment,109
 Gävleborg,Forestry & agricultural machinery,97
 Gävleborg,Tools,86
 Gävleborg,Books & student literature,84
 Gävleborg,Boat parts & accessories,75
 Gävleborg,Horses & equestrian,75
 Gävleborg,Hunting & fishing,73
 Gävleborg,Hobby & collectibles,69
 Gävleborg,Trucks & construction,65
 Gävleborg,Motorcycle parts & accessories,57
 Gävleborg,Fixtures & machines,54
 Gävleborg,Phones & accessories,51
 Gävleborg,Accessories & watches,43
 Gävleborg,Snowmobile parts & accessories,34
 Gävleborg,Other,33
 Göteborg,Furniture & home decor,5389
 Göteborg,Car parts & car accessories,1918
 Göteborg,Clothes & shoes,1863
 Göteborg,Cars,1605
 Göteborg,Children's articles & toys,1457
 Göteborg,Construction & garden,1137
 Göteborg,Children's clothing & shoes,889
 Göteborg,Sports & leisure equipment,805
 Göteborg,Audio & video,730
 Göteborg,Computers & video games,643
 Göteborg,Housewares & appliances,628
 Göteborg,Boats,564
 Göteborg,Accessories & watches,507
 Göteborg,Bicycles,472
 Göteborg,Music equipment,462
 Göteborg,Books & student literature,337
 Göteborg,Boat parts & accessories,336
 Göteborg,Motorcycles,323
 Göteborg,Phones & accessories,312
 Göteborg,Hobby & collectibles,283
 Göteborg,Fixtures & machines,274
 Göteborg,Tools,212
 Göteborg,Mopeds & doodlebug tractors,210
 Göteborg,Caravans & campers,170
 Göteborg,Motorcycle parts & accessories,156
 Göteborg,Horses & equestrian,104
 Göteborg,Hunting & fishing,90
 Göteborg,Trucks & construction,78
 Göteborg,Forestry & agricultural machinery,69
 Göteborg,Other,48
 Göteborg,Snowmobiles,5
 Halland,Furniture & home decor,1719
 Halland,Car parts & car accessories,884
 Halland,Cars,752
 Halland,Construction & garden,572
 Halland,Children's articles & toys,407
 Halland,Clothes & shoes,354
 Halland,Sports & leisure equipment,259
 Halland,Bicycles,234
 Halland,Computers & video games,206
 Halland,Audio & video,199
 Halland,Children's clothing & shoes,196
 Halland,Housewares & appliances,194
 Halland,Motorcycles,155
 Halland,Hobby & collectibles,132
 Halland,Boats,123
 Halland,Horses & equestrian,120
 Halland,Music equipment,120
 Halland,Mopeds & doodlebug tractors,119
 Halland,Accessories & watches,114
 Halland,Fixtures & machines,93
 Halland,Caravans & campers,87
 Halland,Books & student literature,81
 Halland,Phones & accessories,74
 Halland,Boat parts & accessories,71
 Halland,Hunting & fishing,71
 Halland,Forestry & agricultural machinery,68
 Halland,Tools,64
 Halland,Motorcycle parts & accessories,62
 Halland,Trucks & construction,40
 Halland,Other,27
 Halland,Snowmobile parts & accessories,2
 Halland,Snowmobiles,1
 Haparanda,Cars,34
 Haparanda,Furniture & home decor,13
 Haparanda,Car parts & car accessories,12
 Haparanda,Snowmobiles,11
 Haparanda,Motorcycles,9
 Haparanda,Caravans & campers,5
 Haparanda,Construction & garden,4
 Haparanda,Housewares & appliances,4
 Haparanda,Boats,3
 Haparanda,Computers & video games,3
 Haparanda,Hunting & fishing,3
 Haparanda,Mopeds & doodlebug tractors,3
 Haparanda,Audio & video,2
 Haparanda,Fixtures & machines,2
 Haparanda,Music equipment,2
 Haparanda,Accessories & watches,1
 Haparanda,Children's articles & toys,1
 Haparanda,Clothes & shoes,1
 Haparanda,Forestry & agricultural machinery,1
 Haparanda,Hobby & collectibles,1
 Haparanda,Horses & equestrian,1
 Haparanda,Motorcycle parts & accessories,1
 Haparanda,Phones & accessories,1
 Haparanda,Snowmobile parts & accessories,1
 Haparanda,Sports & leisure equipment,1
 Haparanda,Tools,1
 Haparanda,Trucks & construction,1
 Helsingborg,Furniture & home decor,1396
 Helsingborg,Car parts & car accessories,581
 Helsingborg,Cars,525
 Helsingborg,Clothes & shoes,359
 Helsingborg,Construction & garden,356
 Helsingborg,Children's articles & toys,322
 Helsingborg,Audio & video,196
 Helsingborg,Children's clothing & shoes,189
 Helsingborg,Sports & leisure equipment,189
 Helsingborg,Housewares & appliances,175
 Helsingborg,Computers & video games,168
 Helsingborg,Bicycles,138
 Helsingborg,Accessories & watches,104
 Helsingborg,Phones & accessories,96
 Helsingborg,Hobby & collectibles,85
 Helsingborg,Music equipment,77
 Helsingborg,Motorcycles,75
 Helsingborg,Fixtures & machines,64
 Helsingborg,Horses & equestrian,63
 Helsingborg,Tools,62
 Helsingborg,Boats,56
 Helsingborg,Mopeds & doodlebug tractors,55
 Helsingborg,Books & student literature,54
 Helsingborg,Motorcycle parts & accessories,43
 Helsingborg,Caravans & campers,42
 Helsingborg,Hunting & fishing,32
 Helsingborg,Boat parts & accessories,30
 Helsingborg,Forestry & agricultural machinery,20
 Helsingborg,Trucks & construction,18
 Helsingborg,Other,11
 Hässleholm,Furniture & home decor,248
 Hässleholm,Cars,162
 Hässleholm,Car parts & car accessories,129
 Hässleholm,Construction & garden,108
 Hässleholm,Children's articles & toys,57
 Hässleholm,Computers & video games,48
 Hässleholm,Housewares & appliances,39
 Hässleholm,Audio & video,36
 Hässleholm,Clothes & shoes,36
 Hässleholm,Horses & equestrian,33
 Hässleholm,Sports & leisure equipment,26
 Hässleholm,Bicycles,25
 Hässleholm,Caravans & campers,25
 Hässleholm,Music equipment,24
 Hässleholm,Tools,22
 Hässleholm,Forestry & agricultural machinery,20
 Hässleholm,Hobby & collectibles,20
 Hässleholm,Motorcycles,20
 Hässleholm,Phones & accessories,18
 Hässleholm,Hunting & fishing,17
 Hässleholm,Mopeds & doodlebug tractors,16
 Hässleholm,Books & student literature,15
 Hässleholm,Children's clothing & shoes,14
 Hässleholm,Fixtures & machines,14
 Hässleholm,Motorcycle parts & accessories,13
 Hässleholm,Trucks & construction,9
 Hässleholm,Accessories & watches,8
 Hässleholm,Boat parts & accessories,7
 Hässleholm,Boats,7
 Hörby,Furniture & home decor,72
 Hörby,Car parts & car accessories,61
 Hörby,Cars,46
 Hörby,Construction & garden,46
 Hörby,Children's articles & toys,25
 Hörby,Horses & equestrian,20
 Hörby,Clothes & shoes,17
 Hörby,Forestry & agricultural machinery,15
 Hörby,Housewares & appliances,15
 Hörby,Motorcycles,14
 Hörby,Audio & video,11
 Hörby,Tools,11
 Hörby,Bicycles,10
 Hörby,Sports & leisure equipment,10
 Hörby,Computers & video games,9
 Hörby,Phones & accessories,8
 Hörby,Hobby & collectibles,7
 Hörby,Motorcycle parts & accessories,7
 Hörby,Books & student literature,6
 Hörby,Mopeds & doodlebug tractors,6
 Hörby,Caravans & campers,5
 Hörby,Children's clothing & shoes,5
 Hörby,Hunting & fishing,5
 Hörby,Trucks & construction,5
 Hörby,Boats,4
 Hörby,Music equipment,4
 Hörby,Accessories & watches,3
 Hörby,Fixtures & machines,2
 Hörby,Boat parts & accessories,1
 Hörby,Other,1
 Höör,Furniture & home decor,91
 Höör,Car parts & car accessories,62
 Höör,Construction & garden,52
 Höör,Cars,41
 Höör,Children's articles & toys,32
 Höör,Housewares & appliances,26
 Höör,Clothes & shoes,19
 Höör,Sports & leisure equipment,15
 Höör,Accessories & watches,13
 Höör,Audio & video,13
 Höör,Music equipment,13
 Höör,Tools,12
 Höör,Motorcycles,9
 Höör,Bicycles,8
 Höör,Computers & video games,8
 Höör,Fixtures & machines,8
 Höör,Books & student literature,7
 Höör,Caravans & campers,6
 Höör,Horses & equestrian,6
 Höör,Motorcycle parts & accessories,5
 Höör,Children's clothing & shoes,4
 Höör,Forestry & agricultural machinery,4
 Höör,Hunting & fishing,4
 Höör,Hobby & collectibles,3
 Höör,Phones & accessories,3
 Höör,Trucks & construction,3
 Höör,Other,2
 Höör,Boat parts & accessories,1
 Höör,Boats,1
 Höör,Mopeds & doodlebug tractors,1
 Jokkmokk,Snowmobiles,16
 Jokkmokk,Cars,10
 Jokkmokk,Construction & garden,8
 Jokkmokk,Sports & leisure equipment,8
 Jokkmokk,Car parts & car accessories,7
 Jokkmokk,Motorcycles,7
 Jokkmokk,Mopeds & doodlebug tractors,4
 Jokkmokk,Hunting & fishing,3
 Jokkmokk,Audio & video,2
 Jokkmokk,Caravans & campers,2
 Jokkmokk,Forestry & agricultural machinery,2
 Jokkmokk,Furniture & home decor,2
 Jokkmokk,Trucks & construction,2
 Jokkmokk,Boats,1
 Jokkmokk,Books & student literature,1
 Jokkmokk,Clothes & shoes,1
 Jokkmokk,Fixtures & machines,1
 Jokkmokk,Hobby & collectibles,1
 Jokkmokk,Housewares & appliances,1
 Jokkmokk,Music equipment,1
 Jokkmokk,Phones & accessories,1
 Jokkmokk,Snowmobile parts & accessories,1
 Jämtland,Cars,505
 Jämtland,Furniture & home decor,400
 Jämtland,Car parts & car accessories,376
 Jämtland,Construction & garden,242
 Jämtland,Snowmobiles,224
 Jämtland,Clothes & shoes,126
 Jämtland,Sports & leisure equipment,126
 Jämtland,Children's articles & toys,113
 Jämtland,Children's clothing & shoes,101
 Jämtland,Forestry & agricultural machinery,84
 Jämtland,Motorcycles,78
 Jämtland,Audio & video,73
 Jämtland,Caravans & campers,64
 Jämtland,Bicycles,62
 Jämtland,Horses & equestrian,55
 Jämtland,Computers & video games,52
 Jämtland,Housewares & appliances,51
 Jämtland,Mopeds & doodlebug tractors,49
 Jämtland,Trucks & construction,48
 Jämtland,Snowmobile parts & accessories,47
 Jämtland,Music equipment,44
 Jämtland,Boats,42
 Jämtland,Tools,42
 Jämtland,Hunting & fishing,41
 Jämtland,Hobby & collectibles,36
 Jämtland,Fixtures & machines,35
 Jämtland,Accessories & watches,27
 Jämtland,Motorcycle parts & accessories,24
 Jämtland,Books & student literature,23
 Jämtland,Boat parts & accessories,21
 Jämtland,Phones & accessories,19
 Jämtland,Other,14
 Jönköping,Furniture & home decor,1664
 Jönköping,Car parts & car accessories,1080
 Jönköping,Cars,962
 Jönköping,Construction & garden,608
 Jönköping,Children's articles & toys,416
 Jönköping,Clothes & shoes,355
 Jönköping,Sports & leisure equipment,307
 Jönköping,Audio & video,228
 Jönköping,Bicycles,201
 Jönköping,Motorcycles,199
 Jönköping,Children's clothing & shoes,169
 Jönköping,Computers & video games,168
 Jönköping,Housewares & appliances,167
 Jönköping,Caravans & campers,117
 Jönköping,Mopeds & doodlebug tractors,110
 Jönköping,Motorcycle parts & accessories,110
 Jönköping,Music equipment,106
 Jönköping,Tools,102
 Jönköping,Hobby & collectibles,100
 Jönköping,Forestry & agricultural machinery,97
 Jönköping,Phones & accessories,92
 Jönköping,Fixtures & machines,90
 Jönköping,Horses & equestrian,90
 Jönköping,Hunting & fishing,88
 Jönköping,Boats,77
 Jönköping,Books & student literature,75
 Jönköping,Accessories & watches,63
 Jönköping,Boat parts & accessories,50
 Jönköping,Trucks & construction,50
 Jönköping,Other,28
 Jönköping,Snowmobile parts & accessories,1
 Kalix,Cars,64
 Kalix,Furniture & home decor,54
 Kalix,Car parts & car accessories,50
 Kalix,Snowmobiles,34
 Kalix,Construction & garden,33
 Kalix,Audio & video,12
 Kalix,Boats,12
 Kalix,Children's articles & toys,10
 Kalix,Motorcycles,10
 Kalix,Trucks & construction,10
 Kalix,Caravans & campers,9
 Kalix,Children's clothing & shoes,9
 Kalix,Snowmobile parts & accessories,9
 Kalix,Boat parts & accessories,8
 Kalix,Forestry & agricultural machinery,8
 Kalix,Mopeds & doodlebug tractors,8
 Kalix,Music equipment,8
 Kalix,Bicycles,6
 Kalix,Housewares & appliances,6
 Kalix,Phones & accessories,6
 Kalix,Tools,6
 Kalix,Clothes & shoes,5
 Kalix,Horses & equestrian,5
 Kalix,Sports & leisure equipment,5
 Kalix,Hobby & collectibles,4
 Kalix,Hunting & fishing,4
 Kalix,Other,4
 Kalix,Accessories & watches,2
 Kalix,Books & student literature,2
 Kalix,Computers & video games,2
 Kalix,Fixtures & machines,2
 Kalix,Motorcycle parts & accessories,2
 Kalmar,Furniture & home decor,916
 Kalmar,Cars,639
 Kalmar,Car parts & car accessories,545
 Kalmar,Construction & garden,400
 Kalmar,Children's articles & toys,254
 Kalmar,Bicycles,159
 Kalmar,Sports & leisure equipment,154
 Kalmar,Audio & video,147
 Kalmar,Boats,136
 Kalmar,Clothes & shoes,132
 Kalmar,Housewares & appliances,125
 Kalmar,Computers & video games,119
 Kalmar,Motorcycles,118
 Kalmar,Caravans & campers,94
 Kalmar,Tools,90
 Kalmar,Phones & accessories,85
 Kalmar,Boat parts & accessories,78
 Kalmar,Forestry & agricultural machinery,75
 Kalmar,Mopeds & doodlebug tractors,74
 Kalmar,Hobby & collectibles,68
 Kalmar,Fixtures & machines,66
 Kalmar,Motorcycle parts & accessories,64
 Kalmar,Children's clothing & shoes,63
 Kalmar,Music equipment,59
 Kalmar,Hunting & fishing,55
 Kalmar,Horses & equestrian,54
 Kalmar,Accessories & watches,35
 Kalmar,Books & student literature,35
 Kalmar,Trucks & construction,31
 Kalmar,Other,5
 Kalmar,Snowmobile parts & accessories,1
 Kiruna,Snowmobiles,97
 Kiruna,Cars,64
 Kiruna,Car parts & car accessories,37
 Kiruna,Caravans & campers,15
 Kiruna,Sports & leisure equipment,14
 Kiruna,Construction & garden,12
 Kiruna,Children's articles & toys,9
 Kiruna,Clothes & shoes,9
 Kiruna,Furniture & home decor,9
 Kiruna,Audio & video,8
 Kiruna,Motorcycles,8
 Kiruna,Music equipment,8
 Kiruna,Hunting & fishing,7
 Kiruna,Snowmobile parts & accessories,7
 Kiruna,Trucks & construction,7
 Kiruna,Mopeds & doodlebug tractors,5
 Kiruna,Boats,4
 Kiruna,Computers & video games,4
 Kiruna,Tools,4
 Kiruna,Forestry & agricultural machinery,3
 Kiruna,Phones & accessories,3
 Kiruna,Accessories & watches,2
 Kiruna,Bicycles,2
 Kiruna,Books & student literature,2
 Kiruna,Hobby & collectibles,2
 Kiruna,Housewares & appliances,2
 Kiruna,Fixtures & machines,1
 Kiruna,Motorcycle parts & accessories,1
 Klippan,Cars,85
 Klippan,Furniture & home decor,80
 Klippan,Car parts & car accessories,62
 Klippan,Construction & garden,50
 Klippan,Children's articles & toys,24
 Klippan,Horses & equestrian,19
 Klippan,Housewares & appliances,15
 Klippan,Computers & video games,14
 Klippan,Music equipment,14
 Klippan,Bicycles,13
 Klippan,Motorcycles,13
 Klippan,Mopeds & doodlebug tractors,12
 Klippan,Sports & leisure equipment,12
 Klippan,Tools,12
 Klippan,Audio & video,10
 Klippan,Caravans & campers,9
 Klippan,Forestry & agricultural machinery,9
 Klippan,Clothes & shoes,8
 Klippan,Books & student literature,7
 Klippan,Motorcycle parts & accessories,7
 Klippan,Fixtures & machines,6
 Klippan,Phones & accessories,6
 Klippan,Other,4
 Klippan,Accessories & watches,3
 Klippan,Boats,3
 Klippan,Children's clothing & shoes,3
 Klippan,Hunting & fishing,3
 Klippan,Hobby & collectibles,2
 Klippan,Trucks & construction,2
 Klippan,Boat parts & accessories,1
 Kristianstad,Furniture & home decor,553
 Kristianstad,Cars,324
 Kristianstad,Car parts & car accessories,280
 Kristianstad,Construction & garden,226
 Kristianstad,Children's articles & toys,150
 Kristianstad,Clothes & shoes,121
 Kristianstad,Sports & leisure equipment,90
 Kristianstad,Computers & video games,66
 Kristianstad,Bicycles,64
 Kristianstad,Children's clothing & shoes,61
 Kristianstad,Motorcycles,59
 Kristianstad,Audio & video,57
 Kristianstad,Housewares & appliances,57
 Kristianstad,Horses & equestrian,47
 Kristianstad,Hobby & collectibles,39
 Kristianstad,Accessories & watches,38
 Kristianstad,Books & student literature,36
 Kristianstad,Fixtures & machines,36
 Kristianstad,Phones & accessories,36
 Kristianstad,Boats,32
 Kristianstad,Forestry & agricultural machinery,32
 Kristianstad,Caravans & campers,30
 Kristianstad,Mopeds & doodlebug tractors,30
 Kristianstad,Music equipment,27
 Kristianstad,Trucks & construction,26
 Kristianstad,Tools,23
 Kristianstad,Other,19
 Kristianstad,Motorcycle parts & accessories,18
 Kristianstad,Hunting & fishing,17
 Kristianstad,Boat parts & accessories,12
 Kronoberg,Furniture & home decor,865
 Kronoberg,Car parts & car accessories,517
 Kronoberg,Cars,475
 Kronoberg,Construction & garden,315
 Kronoberg,Children's articles & toys,221
 Kronoberg,Sports & leisure equipment,135
 Kronoberg,Housewares & appliances,115
 Kronoberg,Audio & video,103
 Kronoberg,Bicycles,99
 Kronoberg,Clothes & shoes,99
 Kronoberg,Computers & video games,93
 Kronoberg,Motorcycles,92
 Kronoberg,Children's clothing & shoes,70
 Kronoberg,Music equipment,66
 Kronoberg,Mopeds & doodlebug tractors,64
 Kronoberg,Boats,58
 Kronoberg,Forestry & agricultural machinery,56
 Kronoberg,Horses & equestrian,55
 Kronoberg,Hobby & collectibles,52
 Kronoberg,Caravans & campers,51
 Kronoberg,Tools,51
 Kronoberg,Fixtures & machines,47
 Kronoberg,Hunting & fishing,47
 Kronoberg,Books & student literature,45
 Kronoberg,Phones & accessories,45
 Kronoberg,Accessories & watches,37
 Kronoberg,Trucks & construction,36
 Kronoberg,Motorcycle parts & accessories,29
 Kronoberg,Boat parts & accessories,22
 Kronoberg,Other,18
 Landskrona,Furniture & home decor,296
 Landskrona,Car parts & car accessories,151
 Landskrona,Cars,127
 Landskrona,Construction & garden,96
 Landskrona,Children's articles & toys,74
 Landskrona,Clothes & shoes,60
 Landskrona,Housewares & appliances,44
 Landskrona,Computers & video games,43
 Landskrona,Audio & video,39
 Landskrona,Sports & leisure equipment,37
 Landskrona,Bicycles,36
 Landskrona,Music equipment,31
 Landskrona,Children's clothing & shoes,29
 Landskrona,Motorcycles,23
 Landskrona,Tools,22
 Landskrona,Fixtures & machines,16
 Landskrona,Caravans & campers,15
 Landskrona,Horses & equestrian,15
 Landskrona,Phones & accessories,15
 Landskrona,Books & student literature,14
 Landskrona,Accessories & watches,12
 Landskrona,Boats,12
 Landskrona,Hobby & collectibles,11
 Landskrona,Mopeds & doodlebug tractors,9
 Landskrona,Hunting & fishing,8
 Landskrona,Motorcycle parts & accessories,8
 Landskrona,Boat parts & accessories,7
 Landskrona,Trucks & construction,7
 Landskrona,Forestry & agricultural machinery,6
 Landskrona,Other,3
 Luleå,Furniture & home decor,404
 Luleå,Cars,260
 Luleå,Car parts & car accessories,218
 Luleå,Clothes & shoes,133
 Luleå,Construction & garden,123
 Luleå,Sports & leisure equipment,123
 Luleå,Snowmobiles,113
 Luleå,Children's articles & toys,93
 Luleå,Children's clothing & shoes,66
 Luleå,Housewares & appliances,63
 Luleå,Computers & video games,61
 Luleå,Audio & video,60
 Luleå,Caravans & campers,40
 Luleå,Bicycles,36
 Luleå,Motorcycles,36
 Luleå,Music equipment,35
 Luleå,Books & student literature,34
 Luleå,Hobby & collectibles,29
 Luleå,Hunting & fishing,28
 Luleå,Snowmobile parts & accessories,26
 Luleå,Trucks & construction,24
 Luleå,Accessories & watches,23
 Luleå,Phones & accessories,23
 Luleå,Tools,23
 Luleå,Boats,22
 Luleå,Boat parts & accessories,21
 Luleå,Mopeds & doodlebug tractors,21
 Luleå,Forestry & agricultural machinery,20
 Luleå,Fixtures & machines,18
 Luleå,Motorcycle parts & accessories,16
 Luleå,Horses & equestrian,15
 Luleå,Other,6
 Lund,Furniture & home decor,1050
 Lund,Car parts & car accessories,410
 Lund,Children's articles & toys,350
 Lund,Clothes & shoes,323
 Lund,Construction & garden,284
 Lund,Cars,239
 Lund,Children's clothing & shoes,216
 Lund,Bicycles,144
 Lund,Audio & video,142
 Lund,Sports & leisure equipment,134
 Lund,Housewares & appliances,129
 Lund,Computers & video games,119
 Lund,Music equipment,84
 Lund,Accessories & watches,81
 Lund,Motorcycles,64
 Lund,Phones & accessories,59
 Lund,Hobby & collectibles,53
 Lund,Books & student literature,52
 Lund,Horses & equestrian,52
 Lund,Tools,42
 Lund,Fixtures & machines,38
 Lund,Motorcycle parts & accessories,38
 Lund,Boats,29
 Lund,Mopeds & doodlebug tractors,26
 Lund,Caravans & campers,23
 Lund,Boat parts & accessories,22
 Lund,Hunting & fishing,22
 Lund,Forestry & agricultural machinery,14
 Lund,Other,12
 Lund,Trucks & construction,9
 Malmö,Furniture & home decor,2689
 Malmö,Cars,841
 Malmö,Clothes & shoes,801
 Malmö,Car parts & car accessories,745
 Malmö,Children's articles & toys,721
 Malmö,Construction & garden,455
 Malmö,Children's clothing & shoes,411
 Malmö,Audio & video,405
 Malmö,Housewares & appliances,325
 Malmö,Computers & video games,324
 Malmö,Bicycles,315
 Malmö,Sports & leisure equipment,306
 Malmö,Accessories & watches,255
 Malmö,Music equipment,201
 Malmö,Phones & accessories,193
 Malmö,Fixtures & machines,141
 Malmö,Books & student literature,135
 Malmö,Hobby & collectibles,114
 Malmö,Motorcycles,108
 Malmö,Motorcycle parts & accessories,77
 Malmö,Tools,74
 Malmö,Mopeds & doodlebug tractors,58
 Malmö,Horses & equestrian,57
 Malmö,Boat parts & accessories,56
 Malmö,Hunting & fishing,49
 Malmö,Boats,44
 Malmö,Other,30
 Malmö,Trucks & construction,28
 Malmö,Caravans & campers,19
 Malmö,Forestry & agricultural machinery,16
 Malmö,Snowmobile parts & accessories,1
 Osby,Furniture & home decor,57
 Osby,Cars,40
 Osby,Car parts & car accessories,28
 Osby,Construction & garden,26
 Osby,Housewares & appliances,13
 Osby,Children's articles & toys,9
 Osby,Other,8
 Osby,Audio & video,6
 Osby,Boats,6
 Osby,Caravans & campers,6
 Osby,Clothes & shoes,6
 Osby,Motorcycles,6
 Osby,Sports & leisure equipment,6
 Osby,Tools,5
 Osby,Bicycles,4
 Osby,Forestry & agricultural machinery,4
 Osby,Mopeds & doodlebug tractors,4
 Osby,Books & student literature,3
 Osby,Children's clothing & shoes,3
 Osby,Hunting & fishing,3
 Osby,Phones & accessories,3
 Osby,Hobby & collectibles,2
 Osby,Horses & equestrian,2
 Osby,Trucks & construction,2
 Osby,Computers & video games,1
 Osby,Fixtures & machines,1
 Osby,Music equipment,1
 Pajala,Cars,12
 Pajala,Snowmobiles,12
 Pajala,Construction & garden,11
 Pajala,Furniture & home decor,9
 Pajala,Car parts & car accessories,7
 Pajala,Forestry & agricultural machinery,7
 Pajala,Clothes & shoes,4
 Pajala,Hunting & fishing,3
 Pajala,Books & student literature,2
 Pajala,Children's articles & toys,2
 Pajala,Fixtures & machines,2
 Pajala,Hobby & collectibles,2
 Pajala,Boats,1
 Pajala,Mopeds & doodlebug tractors,1
 Pajala,Other,1
 Pajala,Tools,1
 Pajala,Trucks & construction,1
 Piteå,Furniture & home decor,119
 Piteå,Cars,115
 Piteå,Car parts & car accessories,96
 Piteå,Snowmobiles,86
 Piteå,Construction & garden,63
 Piteå,Sports & leisure equipment,37
 Piteå,Children's articles & toys,35
 Piteå,Clothes & shoes,30
 Piteå,Motorcycles,29
 Piteå,Snowmobile parts & accessories,25
 Piteå,Boats,22
 Piteå,Caravans & campers,22
 Piteå,Children's clothing & shoes,18
 Piteå,Mopeds & doodlebug tractors,17
 Piteå,Computers & video games,16
 Piteå,Tools,15
 Piteå,Audio & video,14
 Piteå,Hunting & fishing,13
 Piteå,Forestry & agricultural machinery,12
 Piteå,Horses & equestrian,12
 Piteå,Housewares & appliances,12
 Piteå,Music equipment,12
 Piteå,Fixtures & machines,11
 Piteå,Hobby & collectibles,10
 Piteå,Phones & accessories,10
 Piteå,Bicycles,9
 Piteå,Books & student literature,8
 Piteå,Other,8
 Piteå,Trucks & construction,8
 Piteå,Boat parts & accessories,5
 Piteå,Motorcycle parts & accessories,4
 Piteå,Accessories & watches,3
 Simrishamn,Furniture & home decor,190
 Simrishamn,Construction & garden,91
 Simrishamn,Cars,79
 Simrishamn,Car parts & car accessories,76
 Simrishamn,Children's articles & toys,30
 Simrishamn,Audio & video,22
 Simrishamn,Bicycles,21
 Simrishamn,Tools,21
 Simrishamn,Clothes & shoes,20
 Simrishamn,Horses & equestrian,17
 Simrishamn,Housewares & appliances,16
 Simrishamn,Music equipment,16
 Simrishamn,Caravans & campers,15
 Simrishamn,Forestry & agricultural machinery,14
 Simrishamn,Hobby & collectibles,13
 Simrishamn,Mopeds & doodlebug tractors,13
 Simrishamn,Sports & leisure equipment,13
 Simrishamn,Motorcycles,11
 Simrishamn,Computers & video games,10
 Simrishamn,Fixtures & machines,8
 Simrishamn,Phones & accessories,7
 Simrishamn,Trucks & construction,6
 Simrishamn,Boats,5
 Simrishamn,Books & student literature,5
 Simrishamn,Children's clothing & shoes,5
 Simrishamn,Accessories & watches,4
 Simrishamn,Motorcycle parts & accessories,4
 Simrishamn,Boat parts & accessories,3
 Simrishamn,Hunting & fishing,3
 Simrishamn,Other,1
 Skaraborg,Furniture & home decor,1207
 Skaraborg,Car parts & car accessories,836
 Skaraborg,Cars,674
 Skaraborg,Construction & garden,462
 Skaraborg,Children's articles & toys,240
 Skaraborg,Clothes & shoes,198
 Skaraborg,Sports & leisure equipment,159
 Skaraborg,Audio & video,152
 Skaraborg,Bicycles,147
 Skaraborg,Motorcycles,142
 Skaraborg,Housewares & appliances,123
 Skaraborg,Mopeds & doodlebug tractors,122
 Skaraborg,Forestry & agricultural machinery,115
 Skaraborg,Boats,107
 Skaraborg,Children's clothing & shoes,107
 Skaraborg,Caravans & campers,101
 Skaraborg,Computers & video games,95
 Skaraborg,Fixtures & machines,83
 Skaraborg,Music equipment,83
 Skaraborg,Hobby & collectibles,82
 Skaraborg,Horses & equestrian,82
 Skaraborg,Tools,79
 Skaraborg,Accessories & watches,71
 Skaraborg,Boat parts & accessories,67
 Skaraborg,Motorcycle parts & accessories,65
 Skaraborg,Phones & accessories,62
 Skaraborg,Hunting & fishing,59
 Skaraborg,Books & student literature,51
 Skaraborg,Trucks & construction,44
 Skaraborg,Other,22
 Skaraborg,Snowmobiles,1
 Stockholm,Furniture & home decor,17638
 Stockholm,Clothes & shoes,7394
 Stockholm,Children's articles & toys,5594
 Stockholm,Car parts & car accessories,4976
 Stockholm,Children's clothing & shoes,3813
 Stockholm,Cars,3550
 Stockholm,Construction & garden,3155
 Stockholm,Sports & leisure equipment,2553
 Stockholm,Audio & video,2469
 Stockholm,Housewares & appliances,2139
 Stockholm,Accessories & watches,1990
 Stockholm,Computers & video games,1849
 Stockholm,Bicycles,1293
 Stockholm,Music equipment,1163
 Stockholm,Books & student literature,1082
 Stockholm,Phones & accessories,941
 Stockholm,Boats,939
 Stockholm,Hobby & collectibles,792
 Stockholm,Motorcycles,743
 Stockholm,Boat parts & accessories,718
 Stockholm,Fixtures & machines,714
 Stockholm,Tools,609
 Stockholm,Mopeds & doodlebug tractors,400
 Stockholm,Motorcycle parts & accessories,367
 Stockholm,Horses & equestrian,318
 Stockholm,Hunting & fishing,252
 Stockholm,Caravans & campers,225
 Stockholm,Trucks & construction,210
 Stockholm,Other,140
 Stockholm,Forestry & agricultural machinery,56
 Stockholm,Snowmobiles,10
 Stockholm,Snowmobile parts & accessories,4
 Södermanland,Furniture & home decor,1131
 Södermanland,Car parts & car accessories,768
 Södermanland,Cars,737
 Södermanland,Construction & garden,411
 Södermanland,Children's articles & toys,287
 Södermanland,Clothes & shoes,187
 Södermanland,Sports & leisure equipment,155
 Södermanland,Housewares & appliances,144
 Södermanland,Motorcycles,137
 Södermanland,Audio & video,133
 Södermanland,Boats,124
 Södermanland,Computers & video games,107
 Södermanland,Bicycles,106
 Södermanland,Caravans & campers,102
 Södermanland,Children's clothing & shoes,101
 Södermanland,Music equipment,100
 Södermanland,Hobby & collectibles,97
 Södermanland,Boat parts & accessories,94
 Södermanland,Mopeds & doodlebug tractors,90
 Södermanland,Horses & equestrian,81
 Södermanland,Fixtures & machines,71
 Södermanland,Tools,71
 Södermanland,Phones & accessories,69
 Södermanland,Books & student literature,53
 Södermanland,Forestry & agricultural machinery,52
 Södermanland,Hunting & fishing,50
 Södermanland,Motorcycle parts & accessories,50
 Södermanland,Accessories & watches,41
 Södermanland,Trucks & construction,40
 Södermanland,Other,20
 Södermanland,Snowmobiles,3
 Trelleborg,Furniture & home decor,245
 Trelleborg,Car parts & car accessories,127
 Trelleborg,Cars,102
 Trelleborg,Construction & garden,95
 Trelleborg,Children's articles & toys,76
 Trelleborg,Clothes & shoes,42
 Trelleborg,Audio & video,36
 Trelleborg,Computers & video games,34
 Trelleborg,Sports & leisure equipment,32
 Trelleborg,Housewares & appliances,31
 Trelleborg,Mopeds & doodlebug tractors,26
 Trelleborg,Children's clothing & shoes,25
 Trelleborg,Bicycles,20
 Trelleborg,Hobby & collectibles,20
 Trelleborg,Fixtures & machines,16
 Trelleborg,Motorcycles,15
 Trelleborg,Boats,14
 Trelleborg,Accessories & watches,12
 Trelleborg,Boat parts & accessories,12
 Trelleborg,Phones & accessories,12
 Trelleborg,Motorcycle parts & accessories,10
 Trelleborg,Music equipment,10
 Trelleborg,Caravans & campers,9
 Trelleborg,Forestry & agricultural machinery,9
 Trelleborg,Books & student literature,7
 Trelleborg,Tools,6
 Trelleborg,Trucks & construction,6
 Trelleborg,Horses & equestrian,5
 Trelleborg,Hunting & fishing,5
 Trelleborg,Other,3
 Uppsala,Furniture & home decor,1777
 Uppsala,Car parts & car accessories,891
 Uppsala,Cars,700
 Uppsala,Children's articles & toys,535
 Uppsala,Construction & garden,512
 Uppsala,Clothes & shoes,436
 Uppsala,Children's clothing & shoes,274
 Uppsala,Sports & leisure equipment,263
 Uppsala,Audio & video,214
 Uppsala,Computers & video games,213
 Uppsala,Bicycles,207
 Uppsala,Housewares & appliances,192
 Uppsala,Motorcycles,171
 Uppsala,Music equipment,143
 Uppsala,Boats,122
 Uppsala,Books & student literature,116
 Uppsala,Phones & accessories,105
 Uppsala,Accessories & watches,101
 Uppsala,Hobby & collectibles,98
 Uppsala,Fixtures & machines,97
 Uppsala,Tools,92
 Uppsala,Horses & equestrian,86
 Uppsala,Caravans & campers,82
 Uppsala,Boat parts & accessories,79
 Uppsala,Mopeds & doodlebug tractors,73
 Uppsala,Motorcycle parts & accessories,69
 Uppsala,Hunting & fishing,61
 Uppsala,Trucks & construction,61
 Uppsala,Forestry & agricultural machinery,57
 Uppsala,Other,32
 Uppsala,Snowmobiles,19
 Uppsala,Snowmobile parts & accessories,10
 Värmland,Furniture & home decor,1043
 Värmland,Car parts & car accessories,916
 Värmland,Cars,834
 Värmland,Construction & garden,541
 Värmland,Children's articles & toys,284
 Värmland,Sports & leisure equipment,225
 Värmland,Clothes & shoes,200
 Värmland,Motorcycles,179
 Värmland,Housewares & appliances,149
 Värmland,Audio & video,147
 Värmland,Boats,138
 Värmland,Children's clothing & shoes,138
 Värmland,Music equipment,124
 Värmland,Bicycles,115
 Värmland,Computers & video games,115
 Värmland,Forestry & agricultural machinery,114
 Värmland,Mopeds & doodlebug tractors,106
 Värmland,Caravans & campers,96
 Värmland,Horses & equestrian,89
 Värmland,Tools,85
 Värmland,Hunting & fishing,74
 Värmland,Motorcycle parts & accessories,70
 Värmland,Hobby & collectibles,69
 Värmland,Boat parts & accessories,67
 Värmland,Fixtures & machines,65
 Värmland,Accessories & watches,60
 Värmland,Phones & accessories,60
 Värmland,Books & student literature,57
 Värmland,Trucks & construction,55
 Värmland,Snowmobiles,29
 Värmland,Other,9
 Värmland,Snowmobile parts & accessories,2
 Västerbotten,Furniture & home decor,818
 Västerbotten,Cars,700
 Västerbotten,Car parts & car accessories,505
 Västerbotten,Construction & garden,316
 Västerbotten,Snowmobiles,302
 Västerbotten,Children's articles & toys,217
 Västerbotten,Sports & leisure equipment,194
 Västerbotten,Clothes & shoes,180
 Västerbotten,Motorcycles,157
 Västerbotten,Audio & video,136
 Västerbotten,Mopeds & doodlebug tractors,119
 Västerbotten,Bicycles,110
 Västerbotten,Children's clothing & shoes,106
 Västerbotten,Forestry & agricultural machinery,106
 Västerbotten,Music equipment,106
 Västerbotten,Caravans & campers,98
 Västerbotten,Housewares & appliances,97
 Västerbotten,Computers & video games,84
 Västerbotten,Hobby & collectibles,80
 Västerbotten,Boats,76
 Västerbotten,Horses & equestrian,72
 Västerbotten,Hunting & fishing,72
 Västerbotten,Snowmobile parts & accessories,71
 Västerbotten,Trucks & construction,67
 Västerbotten,Books & student literature,65
 Västerbotten,Tools,65
 Västerbotten,Fixtures & machines,50
 Västerbotten,Phones & accessories,43
 Västerbotten,Motorcycle parts & accessories,41
 Västerbotten,Accessories & watches,36
 Västerbotten,Boat parts & accessories,35
 Västerbotten,Other,22
 Västernorrland,Cars,883
 Västernorrland,Car parts & car accessories,697
 Västernorrland,Furniture & home decor,677
 Västernorrland,Construction & garden,363
 Västernorrland,Children's articles & toys,218
 Västernorrland,Sports & leisure equipment,190
 Västernorrland,Motorcycles,180
 Västernorrland,Clothes & shoes,162
 Västernorrland,Snowmobiles,147
 Västernorrland,Mopeds & doodlebug tractors,138
 Västernorrland,Housewares & appliances,108
 Västernorrland,Trucks & construction,103
 Västernorrland,Computers & video games,99
 Västernorrland,Music equipment,98
 Västernorrland,Forestry & agricultural machinery,97
 Västernorrland,Children's clothing & shoes,93
 Västernorrland,Caravans & campers,90
 Västernorrland,Boats,86
 Västernorrland,Audio & video,79
 Västernorrland,Tools,72
 Västernorrland,Hobby & collectibles,69
 Västernorrland,Bicycles,60
 Västernorrland,Fixtures & machines,56
 Västernorrland,Phones & accessories,53
 Västernorrland,Horses & equestrian,52
 Västernorrland,Snowmobile parts & accessories,52
 Västernorrland,Books & student literature,51
 Västernorrland,Motorcycle parts & accessories,51
 Västernorrland,Hunting & fishing,48
 Västernorrland,Boat parts & accessories,41
 Västernorrland,Accessories & watches,29
 Västernorrland,Other,20
 Västmanland,Furniture & home decor,1128
 Västmanland,Car parts & car accessories,736
 Västmanland,Cars,645
 Västmanland,Children's articles & toys,327
 Västmanland,Construction & garden,327
 Västmanland,Clothes & shoes,246
 Västmanland,Sports & leisure equipment,222
 Västmanland,Children's clothing & shoes,178
 Västmanland,Housewares & appliances,170
 Västmanland,Audio & video,163
 Västmanland,Computers & video games,145
 Västmanland,Bicycles,121
 Västmanland,Music equipment,118
 Västmanland,Motorcycles,108
 Västmanland,Caravans & campers,82
 Västmanland,Tools,82
 Västmanland,Accessories & watches,79
 Västmanland,Boats,78
 Västmanland,Hobby & collectibles,74
 Västmanland,Fixtures & machines,66
 Västmanland,Boat parts & accessories,61
 Västmanland,Horses & equestrian,60
 Västmanland,Mopeds & doodlebug tractors,60
 Västmanland,Books & student literature,57
 Västmanland,Phones & accessories,55
 Västmanland,Motorcycle parts & accessories,49
 Västmanland,Trucks & construction,48
 Västmanland,Forestry & agricultural machinery,41
 Västmanland,Hunting & fishing,36
 Västmanland,Snowmobiles,17
 Västmanland,Other,16
 Västmanland,Snowmobile parts & accessories,4
 Ystad,Furniture & home decor,398
 Ystad,Construction & garden,228
 Ystad,Car parts & car accessories,201
 Ystad,Cars,127
 Ystad,Children's articles & toys,97
 Ystad,Audio & video,71
 Ystad,Horses & equestrian,59
 Ystad,Clothes & shoes,51
 Ystad,Music equipment,50
 Ystad,Housewares & appliances,49
 Ystad,Sports & leisure equipment,43
 Ystad,Bicycles,38
 Ystad,Hobby & collectibles,37
 Ystad,Motorcycles,37
 Ystad,Forestry & agricultural machinery,32
 Ystad,Tools,32
 Ystad,Children's clothing & shoes,28
 Ystad,Computers & video games,27
 Ystad,Fixtures & machines,26
 Ystad,Trucks & construction,25
 Ystad,Caravans & campers,23
 Ystad,Mopeds & doodlebug tractors,20
 Ystad,Phones & accessories,17
 Ystad,Hunting & fishing,14
 Ystad,Accessories & watches,13
 Ystad,Boats,11
 Ystad,Books & student literature,10
 Ystad,Motorcycle parts & accessories,9
 Ystad,Boat parts & accessories,7
 Ystad,Other,6
 Älvsborg,Furniture & home decor,1879
 Älvsborg,Car parts & car accessories,1217
 Älvsborg,Cars,1190
 Älvsborg,Construction & garden,650
 Älvsborg,Children's articles & toys,509
 Älvsborg,Clothes & shoes,401
 Älvsborg,Sports & leisure equipment,270
 Älvsborg,Motorcycles,247
 Älvsborg,Housewares & appliances,233
 Älvsborg,Audio & video,223
 Älvsborg,Bicycles,211
 Älvsborg,Computers & video games,204
 Älvsborg,Music equipment,203
 Älvsborg,Children's clothing & shoes,190
 Älvsborg,Caravans & campers,156
 Älvsborg,Mopeds & doodlebug tractors,147
 Älvsborg,Boats,127
 Älvsborg,Horses & equestrian,122
 Älvsborg,Tools,122
 Älvsborg,Forestry & agricultural machinery,118
 Älvsborg,Hobby & collectibles,114
 Älvsborg,Accessories & watches,113
 Älvsborg,Fixtures & machines,106
 Älvsborg,Motorcycle parts & accessories,106
 Älvsborg,Phones & accessories,96
 Älvsborg,Boat parts & accessories,93
 Älvsborg,Books & student literature,78
 Älvsborg,Trucks & construction,74
 Älvsborg,Hunting & fishing,64
 Älvsborg,Other,31
 Älvsborg,Snowmobiles,3
 Älvsbyn,Car parts & car accessories,22
 Älvsbyn,Cars,21
 Älvsbyn,Furniture & home decor,17
 Älvsbyn,Construction & garden,15
 Älvsbyn,Snowmobiles,14
 Älvsbyn,Snowmobile parts & accessories,9
 Älvsbyn,Motorcycles,7
 Älvsbyn,Children's articles & toys,6
 Älvsbyn,Caravans & campers,5
 Älvsbyn,Hunting & fishing,5
 Älvsbyn,Mopeds & doodlebug tractors,5
 Älvsbyn,Trucks & construction,5
 Älvsbyn,Computers & video games,4
 Älvsbyn,Sports & leisure equipment,4
 Älvsbyn,Audio & video,3
 Älvsbyn,Boats,3
 Älvsbyn,Books & student literature,3
 Älvsbyn,Fixtures & machines,3
 Älvsbyn,Forestry & agricultural machinery,3
 Älvsbyn,Hobby & collectibles,3
 Älvsbyn,Housewares & appliances,3
 Älvsbyn,Tools,2
 Älvsbyn,Accessories & watches,1
 Älvsbyn,Bicycles,1
 Älvsbyn,Boat parts & accessories,1
 Älvsbyn,Clothes & shoes,1
 Älvsbyn,Motorcycle parts & accessories,1
 Älvsbyn,Music equipment,1
 Ängelholm,Furniture & home decor,265
 Ängelholm,Car parts & car accessories,145
 Ängelholm,Construction & garden,118
 Ängelholm,Cars,116
 Ängelholm,Children's articles & toys,71
 Ängelholm,Clothes & shoes,50
 Ängelholm,Sports & leisure equipment,48
 Ängelholm,Music equipment,41
 Ängelholm,Audio & video,38
 Ängelholm,Children's clothing & shoes,35
 Ängelholm,Bicycles,31
 Ängelholm,Computers & video games,28
 Ängelholm,Housewares & appliances,27
 Ängelholm,Motorcycles,27
 Ängelholm,Horses & equestrian,26
 Ängelholm,Tools,26
 Ängelholm,Hobby & collectibles,23
 Ängelholm,Trucks & construction,21
 Ängelholm,Boats,20
 Ängelholm,Mopeds & doodlebug tractors,19
 Ängelholm,Caravans & campers,17
 Ängelholm,Accessories & watches,16
 Ängelholm,Fixtures & machines,16
 Ängelholm,Forestry & agricultural machinery,16
 Ängelholm,Boat parts & accessories,15
 Ängelholm,Phones & accessories,15
 Ängelholm,Motorcycle parts & accessories,14
 Ängelholm,Books & student literature,10
 Ängelholm,Hunting & fishing,10
 Ängelholm,Other,10
 Örebro,Furniture & home decor,1446
 Örebro,Car parts & car accessories,926
 Örebro,Cars,779
 Örebro,Construction & garden,488
 Örebro,Children's articles & toys,311
 Örebro,Clothes & shoes,299
 Örebro,Sports & leisure equipment,252
 Örebro,Computers & video games,170
 Örebro,Bicycles,161
 Örebro,Audio & video,156
 Örebro,Motorcycles,153
 Örebro,Housewares & appliances,150
 Örebro,Music equipment,144
 Örebro,Children's clothing & shoes,137
 Örebro,Caravans & campers,107
 Örebro,Hobby & collectibles,105
 Örebro,Boats,98
 Örebro,Fixtures & machines,98
 Örebro,Tools,96
 Örebro,Mopeds & doodlebug tractors,92
 Örebro,Horses & equestrian,90
 Örebro,Phones & accessories,79
 Örebro,Books & student literature,78
 Örebro,Forestry & agricultural machinery,72
 Örebro,Accessories & watches,71
 Örebro,Hunting & fishing,64
 Örebro,Motorcycle parts & accessories,64
 Örebro,Trucks & construction,56
 Örebro,Boat parts & accessories,54
 Örebro,Other,28
 Örebro,Snowmobiles,26
 Örebro,Snowmobile parts & accessories,1
 Östergötland,Furniture & home decor,2013
 Östergötland,Car parts & car accessories,1073
 Östergötland,Cars,1040
 Östergötland,Construction & garden,631
 Östergötland,Children's articles & toys,597
 Östergötland,Clothes & shoes,467
 Östergötland,Sports & leisure equipment,316
 Östergötland,Audio & video,282
 Östergötland,Children's clothing & shoes,265
 Östergötland,Bicycles,250
 Östergötland,Computers & video games,241
 Östergötland,Housewares & appliances,228
 Östergötland,Motorcycles,194
 Östergötland,Boats,187
 Östergötland,Music equipment,159
 Östergötland,Horses & equestrian,155
 Östergötland,Caravans & campers,135
 Östergötland,Books & student literature,124
 Östergötland,Hobby & collectibles,119
 Östergötland,Phones & accessories,119
 Östergötland,Fixtures & machines,112
 Östergötland,Mopeds & doodlebug tractors,107
 Östergötland,Tools,94
 Östergötland,Accessories & watches,92
 Östergötland,Boat parts & accessories,92
 Östergötland,Forestry & agricultural machinery,92
 Östergötland,Hunting & fishing,88
 Östergötland,Motorcycle parts & accessories,66
 Östergötland,Trucks & construction,65
 Östergötland,Other,48
 Östergötland,Snowmobile parts & accessories,2
 Östergötland,Snowmobiles,2
 Överkalix,Cars,13
 Överkalix,Car parts & car accessories,8
 Överkalix,Snowmobiles,7
 Överkalix,Construction & garden,6
 Överkalix,Furniture & home decor,5
 Överkalix,Clothes & shoes,3
 Överkalix,Motorcycles,2
 Överkalix,Music equipment,2
 Överkalix,Trucks & construction,2
 Överkalix,Audio & video,1
 Överkalix,Boats,1
 Överkalix,Children's articles & toys,1
 Överkalix,Computers & video games,1
 Överkalix,Hobby & collectibles,1
 Överkalix,Hunting & fishing,1
 Överkalix,Sports & leisure equipment,1
 Överkalix,Tools,1
 Övertorneå,Cars,14
 Övertorneå,Car parts & car accessories,10
 Övertorneå,Snowmobiles,9
 Övertorneå,Construction & garden,8
 Övertorneå,Children's articles & toys,5
 Övertorneå,Mopeds & doodlebug tractors,5
 Övertorneå,Motorcycles,4
 Övertorneå,Forestry & agricultural machinery,3
 Övertorneå,Furniture & home decor,3
 Övertorneå,Hunting & fishing,3
 Övertorneå,Other,3
 Övertorneå,Trucks & construction,3
 Övertorneå,Accessories & watches,2
 Övertorneå,Caravans & campers,2
 Övertorneå,Phones & accessories,2
 Övertorneå,Sports & leisure equipment,2
 Övertorneå,Tools,2
 Övertorneå,Children's clothing & shoes,1
 Övertorneå,Clothes & shoes,1
 Övertorneå,Horses & equestrian,1
 Övertorneå,Snowmobile parts & accessories,1
